{
    "recently_closed": true,
    "slotBinding": {
        "presets": [
            {},
            {},
            {},
            {},
            {},
            {},
            {}
        ],
        "history": [
            {
                "36": null,
                "37": null,
                "38": null,
                "39": null,
                "40": null,
                "41": null,
                "42": null,
                "43": null,
                "44": null
            },
            {
                "36": null,
                "37": null,
                "38": null,
                "39": null,
                "40": null,
                "41": null,
                "42": null,
                "43": null,
                "44": null
            },
            {
                "36": null,
                "37": null,
                "38": null,
                "39": null,
                "40": null,
                "41": null,
                "42": null,
                "43": null,
                "44": null
            },
            {
                "36": null,
                "37": null,
                "38": null,
                "39": null,
                "40": null,
                "41": null,
                "42": null,
                "43": null,
                "44": null
            },
            {
                "36": null,
                "37": null,
                "38": null,
                "39": null,
                "40": null,
                "41": null,
                "42": null,
                "43": null,
                "44": null
            },
            {
                "36": null,
                "37": null,
                "38": null,
                "39": null,
                "40": null,
                "41": null,
                "42": null,
                "43": null,
                "44": null
            },
            {
                "36": null,
                "37": null,
                "38": null,
                "39": null,
                "40": null,
                "41": null,
                "42": null,
                "43": null,
                "44": null
            }
        ]
    },
    "partyFinder": {
        "uuids": {
            "blacklist": [],
            "whitelist": []
        },
        "igns": {
            "blacklist": [],
            "whitelist": []
        }
    },
    "relicSpawnTimer": {
        "x": 480,
        "y": 256.5,
        "scale": 1
    },
    "dragonSpawnTimer": {
        "x": 480,
        "y": 286.5,
        "scale": 3
    },
    "crystalSpawnTimer": {
        "x": 480,
        "y": 256.5,
        "scale": 1
    },
    "invincibilityTimerGui": {
        "x": 480,
        "y": 256.5,
        "scale": 1
    },
    "relicTimer": {
        "Purple": 999,
        "Blue": 999,
        "Red": 999,
        "Green": 999,
        "Orange": 999
    },
    "fastLeapGui": {
        "x": 480,
        "y": 256.5,
        "scale": 1
    }
}